default-year,default-month,month-link,month,day,day-link
2018,6,https://www.enjoytokyo.jp/feature/camp-bbq/,‚ ‚ ‚ ,‚¤‚¤,https://www.google.co.jp/
,,https://www.enjoytokyo.jp/feature/beer/,‚ ‚ ‚ ,‚¤‚¤,http://www.hatena.ne.jp/
,,,‚ ‚ ‚ ,‚¤‚¤,https://www.gnavi.co.jp/
,,,‚ ‚ ‚ ,‚¤‚¤,http://yahoo.co.jp
,,,‚ ‚ ‚ ,‚¤‚¤,http://yahoo.co.jp
,,,‚ ‚ ‚ ,‚¤‚¤,http://yahoo.co.jp
,,,‚ ‚ ‚ ,‚¤‚¤,http://yahoo.co.jp
,,,‚ ‚ ‚ ,‚¤‚¤,http://yahoo.co.jp
,,,‚ ‚ ‚ ,‚¤‚¤,http://yahoo.co.jp
,,,‚ ‚ ‚ ,‚¤‚¤,http://yahoo.co.jp
,,,‚ ‚ ‚ ,‚¤‚¤,http://yahoo.co.jp
,,,‚ ‚ ‚ ,‚¤‚¤,http://yahoo.co.jp
,,,‚ ‚ ‚ ,‚¤‚¤,http://yahoo.co.jp
,,,‚ ‚ ‚ ,‚¤‚¤,http://yahoo.co.jp
,,,‚ ‚ ‚ ,‚¤‚¤,http://yahoo.co.jp
,,,‚ ‚ ‚ ,‚¤‚¤,http://yahoo.co.jp
,,,‚ ‚ ‚ ,‚¤‚¤,http://yahoo.co.jp
,,,‚ ‚ ‚ ,‚¤‚¤,http://yahoo.co.jp
,,,‚ ‚ ‚ ,‚¤‚¤,http://yahoo.co.jp
,,,‚ ‚ ‚ ,‚¤‚¤,http://yahoo.co.jp
,,,‚ ‚ ‚ ,‚¤‚¤,http://yahoo.co.jp
,,,‚ ‚ ‚ ,‚¤‚¤,http://yahoo.co.jp
,,,‚ ‚ ‚ ,‚¤‚¤,http://yahoo.co.jp
,,,1,7,https://www.google.co.jp/
,,,1,1,http://yahoo.co.jp
,,,1,2,http://yahoo.co.jp
,,,1,3,http://yahoo.co.jp
,,,1,4,http://yahoo.co.jp
,,,1,5,http://yahoo.co.jp
,,,1,6,http://yahoo.co.jp
,,,1,9,http://yahoo.co.jp
,,,2,8,http://yahoo.co.jp
,,,2,9,http://yahoo.co.jp
,,,2,10,http://yahoo.co.jp
,,,2,11,http://yahoo.co.jp
,,,2,12,http://yahoo.co.jp
,,,2,13,http://yahoo.co.jp
,,,2,14,http://yahoo.co.jp
,,,2,15,http://yahoo.co.jp
,,,3,16,http://yahoo.co.jp
,,,3,17,http://yahoo.co.jp
,,,3,18,http://yahoo.co.jp
,,,3,19,http://yahoo.co.jp
,,,4,20,http://yahoo.co.jp
,,,4,21,http://yahoo.co.jp
,,,4,22,http://yahoo.co.jp
,,,4,23,http://yahoo.co.jp
,,,5,24,http://yahoo.co.jp
,,,5,25,http://yahoo.co.jp
,,,5,26,http://yahoo.co.jp
,,,6,27,http://yahoo.co.jp
,,,6,28,http://yahoo.co.jp
,,,6,29,http://yahoo.co.jp
,,,7,30,http://yahoo.co.jp
,,,7,31,http://yahoo.co.jp
,,,8,1,http://yahoo.co.jp
,,,8,2,http://yahoo.co.jp
,,,8,3,http://yahoo.co.jp
,,,9,4,http://yahoo.co.jp
,,,9,5,http://yahoo.co.jp
,,,10,6,http://yahoo.co.jp
,,,11,7,http://yahoo.co.jp
,,,11,8,http://yahoo.co.jp
,,,11,9,http://yahoo.co.jp
,,,11,10,http://yahoo.co.jp
,,,10,11,http://yahoo.co.jp
,,,12,12,http://yahoo.co.jp
,,,12,13,http://yahoo.co.jp
,,,12,14,http://yahoo.co.jp
,,,12,15,http://yahoo.co.jp